id,label
5511,f
7543,ER
11628,t
375363,stephan
623513,alpha
754460,ask
863391,N
1365451,Ann
1602761,Efendi
2653531,livi
2855261,klik
3848731,joji
4098721,SaraS
4386321,LA
4471841,iron
6000262,oryza
6053352,aku
6161522,Nasir
6256122,emha
7101692,mm
7513792,hanif
7870952,aulia
9237922,dedward
10228272,YouTube
11852532,WLM
13122182,ugm
13300802,aat
14282285,ipb
16361221,swalow
16655021,madani
16734434,bukik
17057839,khadeedoo
17128975,CNNIndonesia
17588443,LokadataID
17600950,BYU
17874894,pdi
18071520,antaranews
18129942,tempodotco
18158130,fadjroeL
19061746,buih
20536157,Google
22126902,republikaonline
22138948,nor_yadi
22169698,DPR
22723294,RRichman
23335796,IntiP
23343960,kompascom
23818581,VICE
23873832,maifil
25751313,candra
26564021,frederikus
26970305,radenrauf
29756120,edhie
30648872,alvinlie21
31686175,riyadi
33247169,suzyhut
33419222,brmstiadi
33969796,orlandochristy
35382723,kykiku
36988709,victorcmambor
38903784,NadieM
39027711,erinacd
41462426,AKidddd
41730943,VIVAcoid
43088704,erickthohir
44321053,ramazaynworld
44435449,Alif
46458063,masagoenk
46647466,CakBambangelf
47251468,yektiwikan
47274731,okezonenews
47817704,BestFriendInJC
50287061,mahoman
51476153,BlackSwan10
51573859,allunamaharani
53351360,audizarachma
56023178,Poly_Only
56060212,kotacity_
57778039,Beluv13L
58145444,tinbos
59101811,RevkyRanda
59479924,goestu603
60246233,muhariefin
61379637,IM3Ooredoo
61388496,PresideNetizen
61683377,agungfresh
62717511,nurainy
63433517,triindonesia
63440729,dwirahmadini
64924675,smartfrenworld
68625813,Jangsunda
69183155,detikcom
69199790,lukydong
69492528,icharis
71436318,KompasTV
71477512,88johans88
72101997,NRLo
72274016,MataNajwa
72514550,hasan_chabibie
72994945,youtubermuda
73767906,Yoongie
73841354,ahptiwitter
74673980,udabalink
74968685,nizinovila
75167962,imscorpion
75329452,amicung30
77402087,shelainggri
77420045,fadjrianz
78191510,ans28
78596326,WaspadaOnline
79064931,dhani_anisah
79237556,kompasmuda
79974377,WRahMada
79994423,AXISgsm
80480905,miss_suntea
80842796,miaCantikku
81122442,ragaabdi
82260385,imamprihadiyoko
82277118,Lov3dith
82552414,myXL
82840898,nomikaid
86267448,metychocho
86487592,dikawow
86627470,ghaniavi
87219958,hepiprayudiawan
88425587,akubeny
89664544,Miclaudiaa
89765991,nyiurnyiur
90809267,dbrahmantyo
95037577,Syaidhan
95378213,NonoTaryono11
97996698,ndri_p
98495545,peakofuhuru
98846045,hend_sya
98851773,Adhyxblood
99056770,rakhaihsanw
99247675,cak_yayan
100356743,KangmasIdo
100447031,ITJen
100541385,XtoperXman
100682129,Prehanta
100809115,rifpratomo
102921433,riantiekaria
102950242,hirsa_dp
103165754,dizdye
103266725,abuyyusrina
105316817,ariessarach
107284416,ie168
107359046,nisanoli
108416848,AAF
108424611,AAN
109865696,rumahzakat
110072084,ZhuZhuss
110727388,ivan_abdii
111278599,xyurezzyy
114363810,ipbofficial
115004157,sofiesyarief
117189854,FraksiPKB
117437980,RiaRicis
117949111,xlaxiata
121641505,h3nd4r
123477306,masilofit
124171593,tribunnews
124390203,beritaKBR
126557271,UnivTerbuka
126627407,hestianurmasari
127806212,ainunnm_
128449803,phevee
128956932,bimawa
129257623,fowler
131476314,kaesangp
131844669,Prisilia_DM
132473686,wsratih
134533388,anggiedwidowati
135795460,detikfinance
135815019,detikinet
136566856,gloryrang
139094252,echiputpurba
141883833,zombieast_
142217629,PEDOMAN_id
142718499,bpkri
144161284,fiya_fiorenza
144679062,11MaretUniv
144989939,kakiforexcom
150589950,PRFMnews
150971297,bultao
151261945,UGMYogyakarta
151539457,Nurburuuj
152158693,azilaster
153710055,aryprsty_
153997183,martabaya
154072765,UMMcampus
154102750,Beritasatu
155791316,abusalmanidris
157502810,bunnydy
158335725,nurudinwriter
158717134,da_vi_to
159853017,agiLgieL
164619813,aidonk
165752815,rurioctaviani
167684258,ndoet_ryan
174971238,nunnell95
177502901,nDaa
177848697,kemkominfo
179010940,SunandarPS
179340784,Henayaa
179382332,airin_eu
179430435,adetrisna2711
184286999,zakiiryuuzakii
184362486,anangcahpandana
188642114,ovaldtine
188759186,edojwa
190016867,ichbinED
190466697,khairuna_ririn
191370036,Dnamraidnaffa
194590819,didienAZHAR
201629418,feliciasung
203956775,alexgufron
209467064,ompian
210686795,lkhwah
215182296,p3div
217731071,miftahisdhiar
220519310,sekar_ND
223449558,rizkyalwans
224604942,milanicchi21
225002757,dewiswtr
230167682,mayedhaa
231355136,SINDOnews
232015016,Arshend
232843736,Baliantaranews
233453602,ratueriinta
234668411,akuluka
235954048,Iman_Harda
237187314,SyahrulHafidzH
237630256,athalians
238530819,lulurachmanita
239306803,UdayanaUniv
239336069,LinklinkMblink
239798611,AdpenArie
239842652,namnnoy
243074905,ndah951231
243190376,passeobaby
243298593,goKILLpak
243559885,nnotshy
244461732,novii_hidayati
244478256,AfrialdyAsyuraB
244577922,yanitampubolon
245582614,arjunmahendra
248509197,AchsanulQosasi
249566492,Kaktuskering
249712872,yunita_tweet
251544764,pusdatin_dikbud
251979253,vaneeaye
253548736,trisyafahira
255409050,Telkomsel
255866913,hariankompas
257416226,syrifhainunlbs
258653146,lulukalhikmah
260630088,alyssumei
260686783,setkabgoid
263177309,mumumilano26
270471441,BAA
270872532,Buih_Bs
271326777,bukanGildan
275559402,AyuRolytaa
278956685,worohesti_
280887840,bakpaodonat
283474953,damarjate
287515868,yasinassh
289180039,skinkuy
290537559,Ifan2206
292019537,indomyfess
292085330,YFebriani
292255033,FRPrayogo
292418952,irmadesyre
294984760,pengenwisudaaja
295507436,Rajisapotra
296025593,pimrevy
296476161,iim666
302417940,RickyNSas
304383364,metrobali
306160379,naelakl
306206607,Hesa_kumara
306627493,fitrinuranii
308396720,RaraPS_95
309459024,fenyrsyt
310156865,yoonsuluv
318848480,yusrilchalif
321326707,Captain____001
323810023,wahyuwdk
331380885,mfnid
334405164,anisarahmaliaa
342660492,RBMZD
344538366,HastoRustiadi
345765306,mrafidya
345819959,agnesPesari
346339217,ditpsd
346685816,Husni_fairuz
347712221,alandigustianti
349578790,ErindaNiken
354729725,zulvanmadania
357338207,bijikucingku
360685334,athoillah_aik
364069058,Anjasahmadd
365850706,qyurea
366987179,jokowi
370622335,cicakkejepit
374499593,syafirarizkan
376601151,smartfrencare
377253347,2020nikah
377376551,lotparampa
385847559,diasvngkas
388732476,aini9official
388745372,alfiliaazani
390463409,gabrielsnpr
391822747,TegarSeptyo
392392573,joe_ebbad
392540370,MFirmanuddinDj
392693335,Khalizazhrr
393354393,adityabramasta
393387753,Helianthusisme
393823624,kemdikbud
396349387,fwlaan
399908198,Indadaaw
405207567,Ayu_Triwardani
408347904,paracetamoan
409745359,kiasleo
417802187,faizuddaroyin
420414709,miftahfaridmh
420947212,mekarperkasa_mr
425713595,anbarnsrn
432398107,megandikka
432507102,fia
439873216,pariz_TGR
440539804,angelinaclara
442431871,kepoteruss
445979674,Quick
446085902,gayuh_ha16
446186741,ammaryf
453158328,imtearexx
456426648,merdekadotcom
458256189,leebawole
460213204,dmrgalihrahma
462753214,mimiweeka
463548010,sl33pytink3r
466318389,apriyaniDr
469164572,KEMENDIKBUD
470280564,douniee
471658915,favonim
477713865,indrasuputra
479491094,spancerfox
480224156,myXLCare
484490033,Kota_Tangerang
487257216,prdn_yogaa
488396384,aliciamilea
490466901,namayass
493750045,HiiiLee
498888857,sitisuhart
499773390,gempalpadas
509191188,sejak_1988
512650978,empuss_
512719709,meilaniscprtw
517464711,lisanoona93
518114311,Gebiby
519276267,bemkmunnes
528152529,abi_igun
529165284,ImamRzQ
531874250,Owl_lia
532083441,megalllvn
536265074,agung_wahyudi15
540657890,ParamaDinaC
540721571,nndrfaal
544135266,jeongin9798
544923250,yunayah21_
547379032,zalmaretar
548387924,dhiskapurnama
548904824,IndosatCare
549224093,wawyuesa
549854969,ulfahdh_
550767533,Zieeeta_
554410962,putrimutiarapm
554868621,lifta_
555870705,BambangSetyadix
556115232,takopedia
561854365,davaaaaa
562883937,masayuuputri
564544024,cwemandiri_soon
568999509,kusuka_thaitea
571626410,CWRawakadang
572613285,belajarceriaooo
573216713,SYeranto
573508257,KoranTEGAL
577757039,sitaamelia2
580648404,iqlimahm
580898398,meiymd09
581492324,ekakunjeri
582426192,much_rozaq
589687384,ovienndt
591452134,fangurlycious
593664274,celvinpratama2
594594508,_rochmathpras
595403087,aishaadelia
596932709,jidatqlowing
599251525,1nohon9
604209448,alviatuls
611711151,vendemprastyo
612277839,baguswick_
624694353,faiza_fahriz
627868391,thiccguel
631662994,SeptiDr
632797119,makiukiu
633015497,telurcrispy
634159957,sayfull46
634594503,ardaajaa
635344986,indranggadinata
635867144,rezzamyuana
636687995,ghinadila
715667594,Juniorternama
719254478,MahasiswaUMS
723622033,MenorehMedia
725092290,dojaehyn
725430920,sukmadara1
725501270,fariszak27
726755455,i_themelons
728318395,rainyisrain3003
731877853,darmansu
735778879,reddwaarf
741330930,madawa_
745558237,YasinGalih
751981962,SumardiEvulae
760955376,BEMUNS
761552058,TiaraRose
779784931,MichellaOey1
788222900,nblkamilia
790856528,Polibatam
800321982,suci_rs
805068750,Koala9
812247552,yunisztya
821295300,FIr
827229247,dheaa_wd
830608387,NurKhabsyin
835389409,cutpikai
840088645,BudakGarut_
851084756,FirzaVgz
854709638,rnaksm
871084574,asxasta
871428672,ayls84
878946816,dadargulunkk
885850874,blackpink828
888478394,ardarizkyy
888709182,fadel_ibram
890217062,bud1ana
912424368,riyadi_003
914185698,armstrongRd
918477942,lgala12
929662543,mutia_anisaa
939078812,DGALC213
940748424,_dnani
949184846,budayasaya
949983288,ivansofiyan_
957482702,indoict
971225875,pyroxmite
981989275,arbillahjiwadi
993091262,KapitanDanar
998969766,rksky_
1004156420,yyhenrn
1009190538,masukptn_com
1016648173,heririskianto15
1023114824,jubidotcom
1027834052,milleniangela
1032065666,jabangbayiii
1039639872,mula_hastuti
1044224018,deyna_yulian
1057591645,KhairulumamID
1079893982,HalfDemon
1100354280,hanbinawdz
1115697384,lompyah
1122062148,shandrav_
1127900192,Sabrinaaegea
1130539621,FirliaRezqianiH
1141379233,KemdikbudRI
1159294639,yaudah_iyadeh
1159450256,jessonggggg
1161560984,ihirfahan
1163670650,pedoman
1170725258,djikp
1171388755,lattetrash
1209644431,dwyt_farm
1218102564,johnnn_ah
1228780418,gprabnsk
1239030710,ERDEFAS
1252070918,kotaklema
1258989740,Astrayesa
1272474127,LuthfiaRFarida
1276346304,radarbogorID
1286371459,sekotakawan
1297533746,yudhoarerihan
1304113243,marcellyudhiz
1306245612,rieke_aw
1312475174,galihxedgex
1313449730,harisars_
1322221722,mhabibmh
1328684875,wldkz98
1344119798,__lelaamuslimin
1351146206,iam_syaff
1360123916,ayundahai
1366791030,falc0bino
1372201550,farstuv
1374218318,zulfikrivokal
1383296580,GelgasAirlangga
1384483754,HishigiKuzuryu
1394171874,perayaism
1396571928,FareezH
1408025444,Cak_X01
1414962122,aistiq
1421961343,asweetpeach_
1440898064,ind0mierendank
1442658204,chaaciii
1446152389,pennceeng
1453648622,arrbis27
1482254538,unsrifess
1490116879,cakimiNOW
1496061276,resteavecmoi
1497761209,aisyaahua
1507066362,aprasing
1519839584,patmono98
1521128862,_singlewoles_
1523820925,Wahyoenam
1524416606,TokAlberttok24
1530836610,sagitariups
1542749965,MartheDFlorian
1555967400,epafrasilwanus
1562201468,rlthingy
1562980801,BangSuhan
1577068981,paaawrent
1582231352,AlfianSyahbari
1594481414,imanarya192
1607447598,MRohman1978
1607486988,didiet94
1619430174,zyiedl
1634551123,primachyy
1637297856,yeniyenonk
1637473135,ailsamellyana_
1642806133,rnrfakhri
1649606504,dngwijonarko
1659294566,Anistriaryanti
1661531498,tetehmanisanget
1664608862,TsTsp71
1673682660,melanill_
1677409310,getawaymadafaka
1687108519,iqbaladhityaa
1687719397,dewpresi
1690771675,tinypjm
1693403720,akhlak404
1695830533,masukOngin
1698237368,Eajluyaa
1706546101,RinaldiHRP
1721632046,lafleurdenana
1729592713,edisonlismar
1799440374,brlnptr
1799511535,IlhamAfie
1851390476,sweetdonutsss
1863148884,syahrialdoli
1866224887,AidaNisa6
1898000406,lintalinarni
1904964794,hasanuddin
1932992576,RiyoDeHa
1962865280,zombieast
1963793131,hajima__hajima
1966621470,tzkzzhaf
1968524857,SiAhmadi
1968554167,cl4ssyme
1970421200,ramadhankholis
2159271934,siscaermaa
2164691767,ditonewroman
2166258811,Kani_Yunara
2177595727,gsnyfa
2177684286,RadioItjen
2178259356,ginanjar_oioi
2184200894,iyadehhiyaa
2187512586,soto_kikil
2191873495,perpusdikbud
2205285126,ekaaabcd
2213205842,benwill04
2233817286,bucinkebab
2235560215,astro_rizki
2241693296,JajangRidwanK
2245005821,sempakkubiruu
2246109643,dyahparamoreID
2274323036,Kiki_Alhamra
2275398032,meijunijuly
2281841341,BAA_UMM
2283193362,bobaxmilk
2290703454,greenoreoo
2290871040,andrewfangidae
2292588696,daymeninthesky
2295572846,Ainieciousone
2313143816,borjuwysh
2313672350,Iqbalqubil20
2315067812,Aat_29
2340702241,FebiSuryaWiguna
2351333924,septidr_06
2372116789,c321231c
2390183970,vie_chiancu
2392460208,jawapos
2404776824,yevanov
2405996178,arzabila
2419932986,cindyrwella
2432018480,alvinara1234
2436764664,agit2530
2439316368,Rezekiballon
2456958924,antin1987
2461536675,dona_riki12
2476319472,DiskominfoMKS
2481604064,koerniaseep
2489107034,ADPratama3
2494045658,Firmansyahhh28
2497342968,hasan
2520073063,ghifariits
2532085091,teppiepersz
2534712018,LiaAnnabhani
2570214191,ssurur4
2581522560,azrilshiva
2588635674,leivanter
2592311312,kikitiaraa
2601017347,tina_L03
2607464850,dwawandh
2614834184,PanenSaham
2617466382,diner_16
2656794199,muhtadi_ilham
2692774170,bungaardyn
2721055424,artoogy
2725209464,OscarAndry20
2737358840,brahmani_264
2777807606,Na_Aleeya
2785228388,masihfajar
2789615713,rina_ivongroup
2802812322,mirzazanufa
2823236154,Tekarion
2866798189,kkeongratjun
2892733706,Menara62
2920216747,hanna03afifah
2930415702,MeeeKhu
2932955808,strawbbyss_
2937888488,meliaasp
2962622095,fitrajatmiko_
2982420716,AneSiapa
2988704069,lpmaarifnu
3000832766,seokouri
3019719920,koenhan
3029106588,lilsdw00n
3059813407,melmeansnada
3073932894,suLiminKha
3081195862,mintsfaby
3088062864,IsatOoredooISTC
3098599274,dekkeyulia
3099188544,Baby_Azula
3102773768,DediSutadi
3104849749,bongcabe
3113212893,fillecultivee
3129717788,calphastor
3131048062,masterilmi83
3138164060,azahrakdavra
3144659070,akuntidur
3165148650,novitamnesia
3165935791,mifaaa
3184146601,atletsmackdown
3184723542,KemenBUMN
3187145372,yaudahlahpasrah
3193120159,denkaobabel
3194047494,aelapyuu
3262569906,deamoekti
3266660862,M00NLINES
3266994066,RirisMaulidiyah
3269588773,arkanslife
3271114957,aftarfadilah
3272816474,azizkomputer
3288231804,nurfajrihadi
3301538405,vlowertae
3308687323,PendukungTimnas
3320092303,Dhotachin
3332287233,khafid963
3343590853,Wahyu_Kalis
3355706668,love
3391398021,Itjen_Kemdikbud
3435602904,FiliaFilifilia
3477788598,PooTeletubbies4
3488312593,muji005
3616332019,UMMfess
3697129159,rudy_susana
4066245673,deniseayamgoyen
4092647712,yuniA112015
4144624752,redgilangnews
4184722512,dimasab06377785
4187275698,TirtoID
4201441519,watermaelons
4461068178,lfelixbgr
4490315233,adeainun1104
4707420859,humaskepriprov
4722272047,irvanababil10
4767124632,Syafa_Devita17
4839252042,itsirli
4875997016,dinimeilailia
4892164430,Kec_Larangan
4923019812,pusdatin
712276389286686721,RakyatMerdeka99
713296414982340608,deffryadi
720599813079896064,risart8
725525892651339777,Yudi_Aspianta1
729229672349765632,reniefu
733470255104675840,indomiegvrl__
735444618515353601,maximus_syukur
740117078514900993,hgeub
742765756945813504,BaliEkbis
745490115066109952,hell_o_sydney
750907235316957184,hasanah11_hana
753041497109528578,kniukemdikbud
757585927988350976,zephyrclous
758971286563328000,aulyarwdh
759692754985242625,kumparan
766801074200023040,bluewskies
768731685575729152,deinschatzs
770109696145514496,_alfiansantosa
772359072901246976,frdchknx
772369903542153217,SephiaRuni
772958531188162560,maryam_yaam
773041156791808000,Sidikprabowoo
773690742669795328,Moh4Ridloh
774623540066648064,remenesence
776306895514501120,dindik_jatim
782035211567570944,mifda20
782936186939580416,haechanana
797062480220418048,AGUSINDONESIA2
803235787139448832,mendiknas
803796558898544640,AlvinAl18
807137046317780993,sudrajatasep17
809758186479566848,PAUDDikdasmen
811322074098610176,sfadhilap
814289985595547648,dizzalad1
814643372346331136,fiki_fachrudin
817231318408830977,nisrinacy
820687535244382212,letmeguessing
823823431359557633,viohrnwn19
828978994896785410,rahmangelia83
829912272592003072,alightlily
830563305970233344,man_sambatman
832210014458646528,bagas_alka
833217376271241216,fataahusni
835415754245722112,bcih47
838298031132811264,ashpodeI
838777607915130882,R_GUN4W4N
841586689977991168,official_unila
841670200923582466,mohammad_sonni7
843715829707431937,tilitibis
843748398435987456,dedenbayhakii
846318338955366405,pemuditersesatt
849799685258657792,kupastuntasnew
854212466762326016,aintgoodz
855008917247545344,ditjendikti
860132671673913345,blueorangeatae
860828858513211392,sanitarianbdg
863337891019149312,sibukhqq
867347845354893312,imnotcrybaby
868460733943513092,firstkap
873461336373460992,Ramadhani439
874558344593195008,validnewsid
876181904608837632,raniaamdw
876746362422829056,0wasyanaxx
883689372633006085,tekarion_
884419997329571840,jimmiehime
884736227064266752,MeryAndinis
885230157560033280,GunawanSao
886813456875143168,FaktaNew5
891564038781415424,MasMenteri
892401236590305280,meiyourenzai
892775755972620289,ZiGa_ID
893313470208253953,SyaifulHooda
893748645425668097,yhnssi6
900352924307513345,smks_jannah
901992856956440576,afnindyaaa
902016018314174464,Ancibb
902122958918963200,TubagusRidho6
903229259417739265,errizqidc
903579621395804160,nabilaaw
903835939683704836,pinkapinkiii
905284959891546115,ahdini_
907396004449738752,dit_sma
911236861498032128,youniverssseee
913060739249725447,santripanglima
917440593877278720,xxxchan26
917675732079329280,youremyetoile
917735162300981248,fathurizalhbllh
920287659246862338,ludecaglia
926295343347654656,heiiarie
928308639315648512,AREAJULID
928467531278385152,bentengPerKaSa1
929988287321686018,pinkirsche
930214090714234881,barkajitSIM
935473170718408704,sambatngantiopo
936146334268121093,patrisir7
937347722062970880,nanaminiowns
941916333301567488,Disdik_DKI
946213890139942912,arrazid7
946233063394045952,lexspecialish
947474964378148864,teropongmetro
948155111917871104,amiwonit
948778579101302787,RadioMBSFMJogja
949525285828833280,JOINLampung
951894346164350977,NoviNurana
952353381405753345,SuryaSa45785975
954735710342270976,Yudie48092255
955012357503139841,Innerrchiildd
955978777628045312,bethiiiiii
956554895305277440,kalendshyaa
958585682758438912,BudiEmEm
959660221143461889,pusdat
961154639482646528,pengulingguling
961555558200299520,captbahng
963260986806362113,shaukaid
964814826462527488,rijalhf
969209559653822469,JefriJogo
969453284753731584,AaNon32
970501050430967808,manusia
971781658679521287,Bonobonoya97
976472787337428993,t0kechang
976722781088841728,nxtellc
978467831200202752,AzizArrazi
979137941749379072,Dany_vaganzz
979237506343346177,YBRAP
982557721575608320,IndosatOoredoo
986263636179017728,ChristWamea
989187206513278977,BangKarto86
990442105741893632,cbnmlove
990572067065020416,JannaPertiwi1
991386809878827008,Hexadominia
991490163166429185,Wex_58
991735877704368128,dikandika46
995857951804899329,suqyarizaa
996522663211237376,calonistrianda
1001041457187250176,natochino
1001799036674850817,bultao_rreune
1002665712626720768,urhalfsun
1002722272690384896,kentangggkaepci
1002860795837874176,Yolooey
1003635627374415874,hayhanhan
1004406108033695744,arunikala
1004762695558549505,donghyuuc
1005567776029724678,raninrainy
1005821195202129922,akuameliaa
1006453164659204096,IanArdisanto
1006951810546872326,fdlysr24
1007509797984276480,serondengciken
1008879040961232896,raydanadya
1008984260454203393,maudlinamida
1009013449072902144,livi_twt
1009060357623590914,Mahdifajrii
1010734654041698304,fdlhendri
1010907261533687809,caralatte95
1011294620402139137,Muqiitlah
1011453981493682176,anesiapa_
1013716135785533445,graceisadisgrc
1014489993442557953,aingmawng
1014503309820882947,zahlailyy
1014768930533994498,thishaba
1014876545247301632,NOT FOUND
1017048997121257479,byunnbaeekhyun
1017582500883730433,ismiranttti
1020170292285517824,WulansariEndang
1020266583988432898,Sas_Gallagher
1020722699558010880,hollyshielddd
1021696455663177728,marsshf_
1021725641736114176,WatermarkL
1024256012595785730,wanderlandv
1026056082450395136,calaisaltea
1026143787863560192,afkarbarin
1026714525360242688,rrahadiansyah1
1032908002448134144,nrlo_ldl
1033994528523354112,jaellycoat
1034022134434037761,nickmachels
1036831493878767617,itsmytaynew
1037705443152343041,melisshaku
1038285971639361536,fantasyfinder2
1038646592943734784,starxnv
1039020360748822529,marchichap
1039314570546823168,tsbitaa
1040587903271821315,nssiwl
1041242686429118464,Akaseijuu
1041673238928011264,podcastretropus
1043783584262180864,leemarker916
1044159746280873984,IPBbercanda
1046084008742801408,collegemenfess
1046658796641124352,xcrzygld
1047388322979405824,yoaan18_
1047426981317378054,dispendikmlgkab
1049789345589157889,INASLI1
1049973106956066816,HayuTarisa
1051291349398376449,runasazuhayra0x
1051451290465628160,urdeepsadness
1054219330039119872,ikhwan6690
1054624393555468288,Indri42180639
1055115112837668864,ainaaa319
1055820014303891457,nixieminds
1056107640269357056,BrowSniperBack
1056613260676423680,nurrhadiwijaya
1058489225148948480,spring_kji
1060751875371261953,astropholee
1062156210089078787,YantiiikkGaming
1065277176075837441,imaculataadc_
1065562506410651649,GSeledri
1066543303208787970,adorkids
1066993367630790656,oleabreeze
1067413164155854848,anakmamamimie
1068065299214163968,3CareIndonesia
1070319488447344641,M1kailAn
1070338952475828225,JWilliam21
1070950532435468288,pejuangdugdag
1071041102055014400,SinagaTioris
1071088162372370432,remahanoreooo
1071260972432556033,vrggga
1072038735456268288,lavenleen
1072278467314573312,capricroz
1072784059447689216,_laperraloca
1072906356280111104,parskuy
1073811605140336642,LiiaMonday
1073996516308660224,diniahsss
1074107864543719424,Nyoman62919146
1074359467939049473,mocipeachy
1074872358404419584,ctlyanaisy
1075673058931806208,IndiHome
1075878948507127808,BAzrill
1077389505676509185,haechands
1077435761002045440,maulahella
1077734482797420544,nununuxi
1077993423108370432,LanggamID
1078614368865013760,epdnl_f
1078965512963387394,akukalemnpolos
1079265175872536576,hellowbusan
1080830048054046720,BerburuSale
1083009250014588929,hellow_jinan
1083253856027332608,Gunadi84380182
1083701907581853696,jovaiueo_
1084456172395016193,UPIfess
1084960468828020737,beautiful_bl00m
1084991187692343296,pdkjatengcab12
1086166010967670784,puffyyzz
1087659345767067650,lpmpkepri
1087776739462328320,riangurs
1088270024874151936,lpmpbanten
1088738100560285696,fake_gl
1089167212638687232,LinNasution
1089454075706408960,Andhika99485174
1089686965140635648,Cabdisdikwil7
1090095053186293760,magicmagicuu
1092401416562298880,kubalapak
1092543832527257602,Atmytuoi
1092600230036496384,Fuj0shit
1095000764198473728,honeygulfie
1095332992858255360,yeepilyn
1096293217610358784,kbpermatabunda
1096413713542799366,Masarief___
1098484324469432320,Putrihandaa2
1098783352914464768,NovemberBboyy
1099949677238091777,buchindomieee
1100995614286860288,AprilJawels
1101062708323971072,BagusHilarious
1101291607855325184,Fila94225336
1101347353045291008,Fahri28fhr
1102269503772123137,kawakawla
1104556101146619905,hyunjeen_angel
1106344658102177792,Ator54164346
1106809957586919424,MarlinaSetya1
1106916824069767168,indomiesme
1107654933422075906,yourpotatooo
1108322170290077696,bougenvilleasp
1108363556662042625,YOHOYOLOYOLO
1111061652726677504,Rifsof1
1112181774992314368,CR7finoallafine
1113089140516544512,susahstalking
1113285155899072513,picapris
1113798915449483265,COxCOBASE
1114184483010273280,wijenss
1114304088869441536,Junjuna77
1114710404012228608,mlgcollegefess
1115267194844114947,terseog
1115408754302828549,dibalikbatu_
1115499231760924672,rhisma09
1116745456854298625,aufaaarief
1117105955680874496,AndhikaDwi26
1119071280706117632,roseshfly134
1119217226085650432,halumolo
1119405713342619648,Yudhayuud
1119501042842882048,pemerisaan
1120032744061329408,eldwiss
1120618970749358080,reneminisci
1122184969135083520,auyakuya
1122517030861557760,Yusvannn
1124273806351028224,afitrinzone
1124449352502501377,nasi_nurnas
1124503709398982656,sulistyo_tantry
1124540757644152837,sitianingsih6
1125404743780585472,pinkeuspecs
1125515406611869696,Ubinnoona
1126447550087585792,kaumbuchin
1127874560794087424,arasiearasie
1128207505576697857,ynsirait
1128331569398108160,mayasukasemua
1128483984327856128,fadilahrizqaaaa
1129592882669576192,fernandobongs19
1131107343477772288,astrilianti_
1131120079523811329,jejeowke
1131192828250341377,ohcasr
1131234473125617664,iw_elizabeth
1131505766832017408,riseskyy
1132788615262507009,MomoTan87566566
1133629992099692544,charamelinzeu
1133727488805199872,tempeeh
1134375434332672000,5dasar_
1134851446162186241,menoelazharr
1135165621614682112,byungchanku
1135189785310457856,akudinamit
1135238233015480321,qnafess
1135561049845817345,cwakzz
1135807891468836864,sweetnessilu
1136268965229891584,innerchildteha
1136483607650787328,mazgres
1137300260458385408,urdumbgvrl
1137304988714131456,tralisjendela
1137556979243659265,FRDN404
1138432323261685761,raacoonnn
1138444311266246658,ziellxxy
1138632001450196995,TeguhSu33621443
1139183032244424706,arlipowin
1140166932701646849,athayazz
1140580617282711552,yovrmine
1140944216522031106,geraldianaa
1141313433041641475,Isfiah
1141580179317280768,spenduda_mlg
1141623665303252992,notyourszzz
1141712950333325312,chatimecocoa
1142680057309065217,beccarenata
1143379692763791361,halimahzahrra
1144500700623192065,AnggaAyunda2
1145181854221254657,jjkbabybunny
1145508987707674624,iam_angelxx
1145544741129375744,Triyogas_
1145659639750520832,Tempebengukk
1145754329283870720,septembergirlss
1147495568106594309,GadingTamir
1148934194308927490,mvencaloree
1149238471355072512,CintaKa59002219
1149667279707054085,pppangaribuan
1150431105637470208,aticannnnn
1151330911423627265,imbeautygurll
1151897617950892032,nadendraa
1152002719449640960,putrinovsr
1152215992073719811,mutualan_kuyyy
1152437175587241985,sbyfess
1152557665874137091,Pipi_pausss
1152790030789697536,niklovesfood
1153225858674331648,Spark71994247
1153916332867383296,marufamarr_
1154441495946002432,kulitrenyahkfc
1154600251480612864,egaaahhh
1155399097387384832,znewsid
1155752171675111425,boluboluww
1156845421261537280,setheace
1159301609429454848,mustRahmani1
1160594387044167680,luxsarryy
1160893028157968385,augtsept
1162223272353644546,vivanewscom
1163259520027488256,bima_ajip
1164359976619352064,awnopp
1165506604512342016,udahanduluya
1165538036366446592,ubsansfess
1165721556422578176,last_idol_id
1165850944778555392,Jeelanjalan
1167056637963599874,iiyyaasss
1169218076161691650,ZadeNaufal
1173132023969398790,arechirasyid
1173297211616088065,yuzuruhy
1173417308716273664,zeze17038822
1174262924849889281,laxrouge
1174292355630821377,crustypoppins
1174967534782599170,NisaWidyastuti
1175941686901346306,brln22
1176020556073730050,Schehaninabb
1176343710344237057,RevaldyRachman
1177052356925513728,undipmenfess
1177181039292112896,skzsday
1177841654759219200,Lllail2
1177908107910926336,orangsunmda
1177922291654545408,immabouzz
1178353741814087680,jupiterzars
1178569123111899147,RikaWilianti29
1178594108601823232,plysh_28
1178610954084315136,alinkayaniazza1
1179975071470800898,ririschan__
1181350639458062337,azarinesava
1181461026039926785,jeononuwz
1181774851289141248,agungH312
1183037206077689857,urmalightt
1183399252271214592,biashuwang
1183547136635363329,disdikbudkendal
1184094015505031168,immaulie
1185042293020954626,Uluwiy3
1185301570985979904,SaaFelisa
1185410692448309248,ucpprztyfvck
1185473017008181250,desicandrapram1
1185779360738893824,echanations
1185895125408309251,PcrEmma
1186592124168335360,rinafbrt
1186628784121737217,anggrd06
1187209594117844992,naondeui__
1187281119978258432,PlateJohnny
1187284958370398209,unnesmenfess
1187636674269827073,polbanfess
1188223539083530240,ramdan577
1188767202335313920,ErllyAprillya
1189893401514102784,mawcrush
1190837492318003200,yaelahill
1191022939908370432,ramenpedesnih
1191666951992426496,awokwokve
1191991749993873410,EkonomiTerkini
1192802581929582592,gwiyeowoyeoja
1194226675950616578,leestalented
1194534812838531072,DUARRRRRRRJAE
1195160942947913728,Khoirul90158405
1196040384591220736,menan91s
1196688967040524288,foxiehmh
1197225394866282496,askrlfess
1198155472869548032,lstaari27
1199532309046628352,bububaekhyun_
1199656165166108672,LaluAgungHaris1
1200955923893608448,esteh12gelas
1201373868507590657,peregrinecalla
1201516670688194560,cuteeeboyyyy
1201673806156161025,schfess
1201837568561561604,kittckatto
1203224227102375936,nctaichan
1203582603934105602,RizkyAlifFathur
1204379119741390848,gottalit
1204920439530590209,sapasiiiiii
1205014154815229953,AjahEnce
1205047011944173569,CEclipse02
1205140684757323776,INDRAARDIAWAN2
1205500580203880449,aeni_nafisatul
1205629250423779328,sbmptnfess
1206495367161765888,_ikaaan
1206669167589330944,Mumus3101
1207620598198763520,alkanaenthu
1207658530980818945,joyfulish
1208180639192641538,Ratnade71207518
1208421214831595525,Nojutsu__
1208708548911173632,lajandaa
1209457724599095296,DraftAnakUnpad
1209657767016812544,dedenyanussa
1210428303447740416,masmasjawabgt
1210883177184579584,citraa_e
1212335103512199168,JhondoeAN
1213126229399748608,chikijetzzz
1214093688248266752,Kbrucen1
1214567991255257088,maumaulll
1214712160523173889,Andespen1
1214748233936691201,jefry_2020
1216272675288444930,masagust9
1216571933602353152,IPBGarisLucu
1216618978325352450,shaazlly
1216984181923708928,sensitiiveangel
1216999417833590784,OcuPidau
1217049018783584256,syfgmnstn
1217495116186652672,bemsvuns
1217996995370967040,KediriFess
1218109158399983616,JubirPresidenRI
1218411345399255040,rifkimbot
1218720893657960449,chuinderella
1218786089458003968,NasijamblangRe
1219092275986198529,Fireflish
1219500656844664832,istoxicgas
1219622940435632130,hanzdoow
1220227653610819585,suhaila1608
1220337911247163398,pokoknyaken
1220371175873736704,kata97s
1220644078158696448,Cheesseburger_
1221986688588636163,Indriynni
1223072246631030786,inihoaks
1223255692636590080,lxxren
1223926907827146753,dhiyaulhaq182
1223957484873764865,calonnsarjanaaa
1223977895313334272,tyasologi
1224459274547421184,tryingmabestt
1224745422461140992,MamskyChulo
1225084021035503616,xxxhydrocodone
1226278445560152065,squidwardfess
1227029291398885376,paudpedia
1227209471891402754,jenorthelee
1229294978859331584,AdvokatAprian
1229572733954076674,luciusweasley
1229613753324294144,listyanaraa
1230129329893343232,faradilu
1231137815368327168,BarrackCh
1231495702296944640,KFryzo
1231769206875512833,wmazing43
1231960811582582785,physicistis
1232069279773626369,AimanJudakusum1
1232313029393469441,Samuri47444724
1232953789197496320,dirikusendiriey
1232998079843815424,AaSinty
1234119920280932356,BondanSuratno
1234641016830840832,mochimmolala
1235976558877106177,awanbiru1105
1236123992215281664,aserius76
1236866566249046017,goodnightsensei
1236905697289199616,sunpile_
1237269075727765505,fransisca_ini
1238012525129560064,yallsucks
1238017198817337345,InovatifMr
1238082786776342529,songsaviour
1239067846790885376,Damakichi123
1239462091364302853,llzhns
1239524674163236865,nadyarananad
1240105510545682433,yangkamumauu
1240887602288320512,roelummah
1241016981865693186,utbkfess
1241047456562868224,pakaimaskeryuk
1241626709541007360,tondski
1241685280161009665,kimjjunkyuala
1243694040224157696,elizabethmf2202
1244113314398875649,subschfess
1244237450936868869,alamaaaakkkk
1244520486630862848,Dedeh75138272
1244595784323960832,ambisyuk26_
1245293115495215104,chagiyaaa4
1246308367724765184,ArkanantaMommy
1246341963420295168,tryingtoAmbis
1246657358844923904,tentaclesTentac
1247399715546599424,ratugadis2
1247753700182872068,masgifar
1247876119459549187,hallo_uns
1247975088953020416,NOT FOUND
1248083599254904833,dyahayusaviraa
1248255233433546754,ImadHasan95
1248399448822046729,kaktuskering___
1249014947398340608,Yugyeomiemine
1249242650747666432,bblue_breeze
1249302803299762177,pirdahhtuan
1249488321522200576,kimtiahyunggg
1249956779896651776,seizedelune
1251084607409119233,erythrocutee
1251528582020493312,cimolmeletup
1251599111176032256,intannnprmtsr2
1251701346056540162,schnoogly_chonk
1252019098713640961,ENHYPENLUVS
1252047096800178178,ssoundip
1252448470704652290,srkmrtn
1252938031272583168,vvenyxx
1253136598352277505,LawanCovid19
1253317591877079048,krismoonnn
1253422351389089792,karinajaaa
1253703684044648453,akhmadrifai06
1254641402249572352,phlanetblues
1254970986379665409,pemujakerang_
1255457771237134342,dygydau
1255779730739118080,ranesthety
1256806998709899264,pancidotkom
1256844831562674176,SimpzTagz
1257235912884318208,CallMeVal5
1258217714675601408,sintiaaaaaadd
1258689003970150400,sunoohypenn
1258800298606223361,Anisaran8
1259062781258563585,Slaybew
1259096141292957696,Satriorizky_
1259246809857196033,vamlss
1259610527606755331,saaoolin
1259654959139745792,Hamzah_m123
1259729822638456833,nygmeksooo
1260478334330384385,weneenim
1261176298698760192,cheesecakeyumy
1261581807213899783,triiiyaaa
1261606012231938050,fIatterskies
1261657464027574272,NewBintangTimur
1262131193689956352,Nabillaaluth
1262282579102715904,akhyaru_thoha
1262353194916515840,kimdnfh
1262423028299730948,pigaroowww___
1262859777148743681,Mutiaraep4
1263732791574814721,KBJorato
1264167516269457408,VoyezXim
1264364203214639105,drummydrops
1264891396881694722,ANlNAME
1265045853611479040,BhagaskaraAziz
1265116008345251840,1O26LION
1265624150212661251,cheersweet01
1266040205565280257,moonglade0101
1266551312679702528,sarsapilaxx
1266718945320382467,otaltr
1267453193400627201,afran0el
1267485718970011648,KabarTifa
1268009816682688513,resimarlin
1269496148655353857,milkymrrk
1269595567736320002,xogfgyf
1270532610591092736,Terajana_313
1272463567602585600,achinagra
1272467211630731269,ChaliChal4
1272879108867846144,JangAhBinn
1272954378194829312,overthingqueen
1273190263121297409,itbfess
1273571387592945665,ziagrzl
1273639829511667712,smpn1patean
1274221990979616769,aethelflead_
1274269548779200512,redmatchavelvet
1274511424211939329,prinsesamenk
1274561564943585281,simageran9
1275617523870785537,bgus_hrmawn
1275700713578995712,1315now
1275729842005311489,taynewforlyfe
1278206831530176512,Kabare_Malang
1278390490237263873,vidiamalia_
1278484524423208960,Mypr17
1279924004279644160,diyandeee
1280103303829876736,chaniebng
1280361298799165440,dahlahmalesmel
1280523900741234694,cicicicila
1280672590390898690,ani_syabani
1280707643565174784,kipitutboeladh
1281219739067482116,psychobadboyz
1281432143327944704,sstarsbluesky
1281786857219452928,KoenigSangiran
1282680756586700805,doramialpart2
1284148746842849283,ininmapengguna
1284765740290043905,ekaaku2020
1285212293744046080,YaampunDin
1285403202976755713,N4MINJUN15
1285489935110164480,walinaa__
1285509482743623680,NewsPresisi
1285828525027545088,swithawr
1285982672246804481,Tianananan
1286213728048824320,stnrhlzaaaa
1286260034783965185,Alipakef
1286697064768786432,subaktisandi
1286942900509503489,IrawatiAsti
1287109628489211910,radistidian
1287139823124275201,renktreal
1287750315907801088,Melina23431896
1288111697224282112,Jonatha48993125
1288684029022056449,nadiemmakarim
1288844372457304065,evanchowoodzz
1289814357317058560,Arkanan09952088
1289956071537172484,siapaakooo
1290125732790718465,ciloqcrispi
1290273723778387973,nutrisarikurma
1290668613213360129,sambatmodeon
1291193792104603648,calonistrimuue
1291199187908870144,aridarmaputtra
1291588688028168192,absorptif
1291656556191166466,koazallch
1292095636485988353,ALIENhwang95
1292282365083971585,itsaraaya
1292320514384359424,shafiransy
1292798514565529601,senjatapiiboong
1293416625459171330,PritilanUnyu
1293710409438904320,odeehoran
1293823477036625920,MSyahrirBangsa1
1295192320422207489,belanjasekarang
1295358730716889095,iwuftaehyung2
1295443924316598273,19whatissunset
1295628697018306560,cheolbrry
1295752428294348800,plumecats
1296122828769488896,PurwanandaF
1296603859943428096,IFouS_ifos2
1296823071672688643,llullabyflow
1297002454203035648,ibranipandaan
1297296847854170112,vanisaputri2436
1297395774154616835,hyunsuksthetic
1297582751340625920,skysunthemoon
1297695524548567040,ruankrindu
1297701184812101632,iyamaaafff
1297776372098555906,kochengbobo
1297906786968596480,Tina96410578
1297962158492225536,outercue
1298243108811857920,brln666
1298251880682778624,hanaugustleo
1298252811549806593,chochomaniaa
1298725333496000514,lee_zzh
1298830081876361218,alwaysrajin
1298926592492597248,tongseng_sapi
1299110116923301888,N_Hadi_K
1299242817072504832,bertigoy
1299546000416108545,rachanyun
1300050217912295425,AKUNFAKEALTERB1
1300060167417942016,singt0s
1300078350031970304,Pa0GvL
1300217495190601736,smrntj
1300423008889180163,2021proses
1300723048379641857,Syamsud76579252
1301004172574162944,apadongheh
1301064380264538112,sobateduka_id
1301430857811423235,Dionbonjovi181
1301437035484385281,icekeyzee
1301725946131619840,gamhibur
1301777601799753730,Ratihtwijaya1
1301895476346671105,dyodoyy
1301985819482234880,JeKaTe42
1302494456860438528,Sintaad00762553
1302505466208030725,29_najib
1302919373988884480,RdtAyulina
1303222237965643776,dekgigs
1303242240827953152,Hinami_fueguch
1303265619266076675,jnkyuubbyy
1303750578263089152,nurulnlsr36
1304156379494506497,Bariq227
1304270880919281665,_rawbery
1304355115499794432,reebooster
1304363076943192064,Akb48kurangi24
1304395991425019904,DilaRosalina3
1305003600670670850,DangBagas
1305081446067970048,Mataminimalis1
1305337926507618304,Rangga__6
1305497948462088193,aleamoure
1305738341376167938,milokopih
1305965279931846656,kaisarbebek
1306834920992436224,Muhamma43645890
1306874818839494656,MaungHarimau
1306993782018117632,gracezzoy
1307001629292392448,Chrono2020
1307313214233878529,Chacharuto08
1307675880798318594,janganlahbegitu
1307946297060519936,Naunaback
1307953293386104833,Amirudd73718794
1308007579658854400,Ibahhh3
1308303510211977216,BangkitP7
1308355243030183936,Dwioktmufidah1
1308414740348239874,Manda39376546
1308645657360527360,ideepbreathing_
1308719799418011648,RORUTO9
1309053685343940608,jelijelya
1309332097488678912,hyunmilkteaa
1309395210300866560,332Channel
1309512706127323143,bljaya
1309526327586820097,Meri19509352
1310532840572870656,AhraRaya
1310727904704294917,notracable
1310861203304902658,DwiGarnis6
1310985558831722496,Anakran69858845
1311152902300291076,yulia_aja_
1311231067332829184,mydayxhan
